name,type,value,date
条目,Chinese,41243,2019/1/1
条目,Chinese,11243,2019/1/2
条目,Chinese,51243,2019/1/3
条目,Chinese,41243,2019/1/4
条目,Chinese,11243,2019/1/5
条目,Chinese,51243,2019/1/6
エントリ,Japanese,12412,2019/1/1
エントリ,Japanese,43343,2019/1/2
エントリ,Japanese,34645,2019/1/3
エントリ,Japanese,12412,2019/1/4
エントリ,Japanese,43343,2019/1/5
エントリ,Japanese,34645,2019/1/6
Запись,Russian,12312,2019/1/1
Запись,Russian,2231231232,2019/1/2
Запись,Russian,32312,2019/1/3
Запись,Russian,12312,2019/1/4
Запись,Russian,2231231232,2019/1/5
Запись,Russian,32312,2019/1/6
Item,English,21412,2019/1/1
Item,English,61412,2019/1/2
Item,English,11412,2019/1/3
Item,English,21412,2019/1/4
Item,English,61412,2019/1/5
Item,English,11412,2019/1/6
Lee,Korean,24124,2019/1/1
Lee,Korean,23123,2019/1/2
Lee,Korean,12311,2019/1/3
Lee,Korean,1499,2019/1/4
Lee,Korean,89313,2019/1/5
Lee,Korean,1020125,2019/1/6
